docid	author	authordate	title	latestcomp	hathidate	imprint	gutenstring	enumcron	gbindex	nonficprob	juvenileprob	LOCgenres	LOCsubjects	contents	instances	genre	audience	authgender	multiplehtids	comments	coder	Folder	Trimmed	isbio	passagefails	worderrors
uva.x000372854	Coleridge, Samuel Taylor		Biographia Literaria	1817	1834.0				6081							bio|c19		m						True	0.053057	0.020831
uc1.b4102292	Harland, Marion		Marion Harland's autobiography;	1910		New York;London;Harper & bro	Harland, Marion | Marion Harland's Autobiography	<blank>	49003							bio		u			wenyi	gutenbiotrimmed	Trimmed	True	0.014141818181818179	0.00788
uc2.ark+=13960=t6542ns47	Tyndall, John,		Hours of exercise in the Alps	1883		New York;D. Appleton;1883.	Tyndall, John | Hours of Exercise in the Alps	<blank>	47209							bio		m			wenyi	gutenbiotrimmed	Trimmed	True	0.025032499999999996	0.01850125
uc2.ark+=13960=t3cz35s44	Morlae, Edward		A soldier of the Legion	1916	1916.0	Boston;New York;Houghton Mif	Morlae, Edward | A Soldier of the Legion		46651	0.580945977	0.304885863		France|L????gion ????trang????re|Arm????e|World War, 1914-1918|Personal narratives		4.0	bio		m			wenyi	gutenbiotrimmed	Trimmed	True	0.09422	0.02658
njp.32101067567899	Cibber, Colley	1671-1757	An Apology for the Life of Mr. Colley Cibber, Comedian. Written by himself. Vol. 1.	1756	1756.0			1	44064							bio		m			ted	18cgutenbergtrimmed	Trimmed	True	0.16815166666666667	0.12934666666666667
uc2.ark+=13960=t1gh9fx7v	Broun, Heywood	1888-1939.	The A.E.F.;	1918	1918.0	New York;London;D. Appleton	Broun, Heywood | The A.E.F.		39072	0.711824528	0.102242139		World War, 1914-1918|Personal narratives		1.0	bio		m			ted	gutenbiotrimmed	Trimmed	True	0.0182325	0.01452
mdp.39015068293086	Warton, Thomas	1728-1790	The Life of Sir Thomas Pope, founder of Trinity College, 2nd ed.	1780	1780.0	London: T. Cadell			WartTLSbio							bio|c18		m						True	0.10168625	0.0462325
uc2.ark+=13960=t8x929099	Horne, C. Silvester		David Livingstone	1914		New York;The Macmillan compa	Horne, C. Silvester | David Livingstone	<blank>	57110							bio		m			morgan	gutenbiotrimmed	Trimmed	True	0.08562666666666667	0.008573333333333334
mdp.39015062775039	Moscheles, Felix,		Fragments of an autobiography	1899		New York;London;Harper & Bro	Moscheles, Felix | Fragments of an Autobiography	<blank>	33185							bio		m		episodic	morgan	gutenbiotrimmed	Trimmed	True	0.024745714285714284	0.009492857142857141
uc2.ark+=13960=t9n29vw7n	Duncan, Norman	1871-1916.	Dr. Grenfell's parish	1905	1905.0	London;Hodder and Stoughton;	Duncan, Norman | Dr. Grenfell's Parish		39130	0.69452568	0.05071259		Labrador (N.L.)|Newfoundland and Labrador|Description and travel|1865-1940|Royal national mission to deep sea fisherman|Grenfell, Wilfred Thomason		2.0	bio		m			morgan	gutenbiotrimmed	Trimmed	True	0.056929999999999994	0.013325
aeu.ark+=13960=t9k36ks9j	Pompadour, Jeanne Antoinette	1721-1764	Memoirs of the Marchioness of Pompadour, vol. 2	1764	1766.0			2	52215							bio		f			ted	18cgutenbergtrimmed	Trimmed	True	0.20098666666666665	0.22056
loc.ark+=13960=t58d02971	Thoreau, Henry David	1817-1862.	Canoeing in the wilderness	1862	1916.0	Boston;New York;Houghton and	Thoreau, Henry David | Canoeing in the wilderness		34990	0.976832852	0.66175647		Canoes and canoeing|Description and travel|Piscataquis County (Me.)|Maine		2.0	bio		m			wenyi	gutenbiotrimmed	Trimmed	True	0.053750000000000006	0.01227
uc2.ark+=13960=t27944x8r	Marrs, William Taylor		Confessions of a neurasthenic	1908	1908.0	Philadelphia;F. A. Davis com	Marrs, William Taylor | Confessions of a Neurasthenic		30487	0.491048021	0.027846146		Neurasthenia		1.0	bio		m			peizhen	gutenbiotrimmed	Trimmed	True	0.02658	0.017255
wu.89091848879|wu.89100133370	Marguerite, Queen	1553-1615	Memoirs of Marguerite de Valois	1615	1813.0				3841							bio		f			ted			True	0.1842725	0.026569999999999996
uc2.ark+=13960=t7qn60z0m	Torrey, Bradford	1843-1912.	Spring notes from Tennessee	1896	1896.0	Boston;New York;Houghton, Mi	Torrey, Bradford | Spring notes from Tennessee		45708	0.968723625	0.131960622		Tennessee|Description and travel|Natural history|Outdoor books		3.0	bio		m			wenyi	gutenbiotrimmed	Trimmed	True	0.08326	0.015213333333333334
uc1.31175008025259	Crockett, David	1786-1836	A Narrative of the Life of David Crockett, of the State of Tennessee	1834	1834.0				37925							bio		m			ted	18cgutenbergtrimmed	Trimmed	True	0.015793333333333333	0.013203333333333333
loc.ark+=13960=t0ms4dg9d	Sterne, Elaine	-1894	Over the seas for Uncle Sam	1918	1918.0	New York;Britton Pub. Co.;c1	Sterne, Elaine | Over the Seas for Uncle Sam		41324	0.488332092	0.006184405		World War, 1914-1918|Personal narratives, American		3.0	bio		f			wenyi	gutenbiotrimmed	Trimmed	True	0.06446666666666667	0.012963333333333334
uva.x000675977	Longstreet, James,		From Manassas to Appomattox;	1903		Philadelphia;J. B. Lippincot	Longstreet, James | From Manassas to Appomattox	<blank>	38418							bio		m			morgan	gutenbiotrimmed	Trimmed	True	0.101025	0.011176250000000002
mdp.39015002379769	Kemble, Fanny,		Journal of a residence in America	1835		Paris;A. and W. Galignani an	Kemble, Fanny | Journal of a Residence in America	<blank>	51932							bio		f			morgan	gutenbiotrimmed	Trimmed	True	0.019767	0.009854
nc01.ark+=13960=t57d36c20	Reynolds, Robert Rice		Wanderlust	1913	1913.0	New York;Broadway Publishing	Reynolds, Robert Rice | Wanderlust		47750	0.955980463	0.048861254		1882-1947|Gardner, Oliver Max|Reynolds, Robert Rice|1884-1963		1.0	bio		m			morgan	gutenbiotrimmed	Trimmed	True	0.014765	0.01452
njp.32101066164219	Grimaldi, Joseph,		Memoirs of Joseph Grimaldi	1846		London;R. Bentley;1846.	Grimaldi, Joseph | Memoirs of Joseph Grimaldi	<blank>	46709							bio		m			morgan	gutenbiotrimmed	Trimmed	True	0.03462666666666667	0.010855555555555556
uc2.ark+=13960=t7dr2rd9m	Jacobs, Harriet Anne		Incidents in the Life of a Slave Girl	1861	1861.0	Boston			11030							bio|c19		f						True	0.05046333333333333	0.009663333333333333
uc2.ark+=13960=t3pv6jc65	Tetley, William C		Blanco y Colorado;	1921	1921.0	London;Simpkin, Marshall, Ha	Tetley, William C. | Blanco y Colorado		36534	0.824673768	0.193508147		Uruguay|Social life and customs|Description and travel		2.0	bio		m			wenyi	gutenbiotrimmed	Trimmed	True	0.001474	0.008847999999999998
hvd.hxvp5b	Emerson, Ralph		Representative Men	1850	1850.0				6312							bio|c19		m						True	0.0460575	0.014744999999999998
uc2.ark+=13960=t7zk5647t	Stowe, Charles Edward	1811-1896	Life of Harriet Beecher Stowe	1890	1890.0	Boston: Houghton Mifflin			6702							bio|c19		m						True	0.10243500000000001	0.011604999999999999
loc.ark+=13960=t0pr7vd0z	Roosevelt, Theodore,		Gouverneur Morris;	1903		Philadelphia;Gebbie and comp	Roosevelt, Theodore | Gouverneur Morris	<blank>	39915							bio		m		cool!	morgan	gutenbiotrimmed	Trimmed	True	0.039931666666666664	0.02087666666666667
pst.000005479955	Sessions, Frederick.		Literary celebrities of the English lake-district	1905		London;Elliot Stock;1907[c19	Sessions, Frederick | Literary Celebrities of the English Lake-District	<blank>	42476							bio		m			morgan	gutenbiotrimmed	Trimmed	True	0.03168	0.00928
loc.ark+=13960=t2c82sr33	Gallishaw, John	-1890	Trenching at Gallipoli;	1916	1916.0	New York;Century;1916.	Gallishaw, John | Trenching at Gallipoli		35119	0.528853153	0.00255279		Gallipoli Peninsula|Turkey|Campaigns|World War, 1914-1918|Personal narratives		4.0	bio		m			peizhen	gutenbiotrimmed	Trimmed	True	0.01355	0.01883
nyp.33433082443783	Stoddard, Charles Warren	1843-1909.	Summer cruising in the South Seas	1873	1873.0	London;Chatto and Windus;187	Stoddard, Charles Warren | Summer Cruising in the South Seas		40010	0.443761761	0.11978098		Description and travel		1.0	bio		m			wenyi	gutenbiotrimmed	Trimmed	True	0.12241714285714286	0.01116
mdp.39015031460358	Allen, George Hoyt	-1857	A Yankee in the Far East	1914	1915.0	Clinton, N.Y.;Travelogue-art	Allen, George Hoyt | A Yankee in the Far East		40565	0.672238823	0.042764422		Voyages around the world		2.0	bio		m		travel letters	ted	gutenbiotrimmed	Trimmed	True	0.057143333333333324	0.009423333333333334
loc.ark+=13960=t16m3zv21	de Stael, Germaine	1766-1817	Ten Years' Exile	1817	1821.0				16245							bio		f			ted	18cgutenbergtrimmed	Trimmed	True	0.03801500000000001	0.02991166666666667
yale.39002004679487	Reed, John	1887-1920.	Insurgent Mexico	1914	1914.0	New York;London;D. Appleton	Reed, John | Insurgent Mexico		48108	0.665062111	0.039582161		1910-1946|Revolution, 1910-1920|History	On the border.--Desert war.--Francisco Villa.--Jiminez and points west.--A people in arms.--Carranza, an impression.--Mexican nights.	1.0	bio		m			wenyi	gutenbiotrimmed	Trimmed	True	0.012281666666666665	0.027176666666666665
loc.ark+=13960=t8tb1750d	Levy, T. Aaron,		Lincoln, the politician	1918		Boston;R. G. Badger;c1918	Levy, T. Aaron | Lincoln, the Politician	<blank>	37686							bio		m			morgan	gutenbiotrimmed	Trimmed	True	0.12358	0.01647
nyp.33433082355466	Casson, Herbert Newton,		Cyrus Hall McCormick	1909		Chicago, A. C. McClurg & co.	Casson, Herbert Newton | Cyrus Hall McCormick	<blank>	41953							bio		m			morgan	gutenbiotrimmed	Trimmed	True	0.111395	0.0097325
wu.89097348320	Hall, Edward B.		Memoir of Mary L. Ware, wife of Henry Ware, Jr	1869		Boston;American Unitarian As	Hall, Edward B. | Memoir of Mary L. Ware, Wife of Henry Ware, Jr.	<blank>	36928							bio		m			morgan	gutenbiotrimmed	Trimmed	True	0.017835555555555556	0.012584444444444445
nyp.33433082399167|hvd.hnxcka	Colmache, Édouard		Reminiscences of Prince Talleyrand. Edited from the papers of the late M. Colmache, private secretary to the prince	1848	1848.0	London;H. Colburn;1848.	Colmache, Édouard | Reminiscences of Prince Talleyrand, Vol. 1 of 2	v. 1 | v. 2 | v.2	55347	0.563341563	0.053070282		prince de Bénévent|1754-1838|Talleyrand-Périgord, Charles Maurice de		3.0	bio		m			wenyi	gutenbiotrimmed	Trimmed	True	0.16217333333333334	0.016033333333333333
umn.31951000912730x	Tappan, Eva March	1854-1930.	In the days of Queen Elizabeth	1902	1902.0	Boston;Lee and Shepard;1902.	Tappan, Eva March | In the Days of Queen Elizabeth		47006	0.69208635	0.656335094				1.0	bio		f			morgan	gutenbiotrimmed	Trimmed	True	0.0136725	0.009425
aeu.ark+=13960=t6640jc7m	Pompadour, Jeanne Antoinette	1721-1764	Memoirs of the Marchioness of Pompadour, vol. 1	1764	1766.0			1	52003							bio		f			ted	18cgutenbergtrimmed	Trimmed	True	0.17024250000000002	0.16902250000000002
mdp.39015005137784	Larsen, Hanna Astrup,		Knut Hamsun	1922		New York;A.A. Knopp;1922.	Larsen, Hanna Astrup | Knut Hamsun	<blank>	36754							bio		f			morgan	gutenbiotrimmed	Trimmed	True	0.023385	0.021095000000000003
nyp.33433082380142	Goldsmith, Oliver		The Life of Richard Nash of Bath	1762	1762.0	London: Newbery			GoldOLRbio							bio|c18		m						True	0.08152000000000001	0.02928333333333333
uiug.30112065082684	Fleury de Chaboullon, Pierre	1779-1835	Memoirs of the Private Life, Return,and Reign of Napoleon, vol 1	1820	1820.0	London: John Murray			22345							bio|c19		m						True	0.10841714285714286	0.017499999999999998
mdp.39015011684407	Higginson, Thomas Wentworth,		Henry Wadsworth Longfellow	1902		Boston;New York;Houghton, Mi	Higginson, Thomas Wentworth | Henry Wadsworth Longfellow	<blank>	33402							bio		m			morgan	gutenbiotrimmed	Trimmed	True	0.1183	0.016253999999999998
uc1.32106001955902	Stevenson, Robert Louis	1850-1894	Travels with a Donkey, in the Cevennes	1907	1897.0	London: Chatto and Windus			535							bio|c19		m						True	0.054595	0.009675
loc.ark+=13960=t6tx4485c	Abbott, Jacob		History of Cleopatra, Queen of Egypt	1854		New York;Harper;1854.	Abbott, Jacob | History of Cleopatra, Queen of Egypt	<blank>	40205							bio		u			morgan	gutenbiotrimmed	Trimmed	True	0.06499800000000001	0.029292000000000002
uc2.ark+=13960=t6445r655	Barrie, J. M.		An Edinburgh eleven	1889		"London;Office of the ""Britis"	Barrie, J. M. | An Edinburgh Eleven	<blank>	39203							bio		u		fictionalized of own life (college stories - episodic)	morgan	gutenbiotrimmed	Trimmed	True	0.10327	0.013895
loc.ark+=13960=t6f19hm10	Howe, Julia Ward,		Margaret Fuller (Marchesa Ossoli)	1883		Boston;Roberts brothers;1883	Howe, Julia Ward | Margaret Fuller (Marchesa Ossoli)	<blank>	32511							bio		f			morgan	gutenbiotrimmed	Trimmed	True	0.11532800000000001	0.019450000000000002
uc2.ark+=13960=t2n58d64k	Mayer, Brantz,		Memoir of Jared Sparks, LL.D	1867		Baltimore;Printed for the au	Mayer, Brantz | Memoir of Jared Sparks, LL.D.	<blank>	32089							bio		u			morgan	gutenbiotrimmed	Trimmed	True	0.06098	0.01892
uc2.ark+=13960=t0wp9ts5t	Torrey, Bradford	1843-1912.	A rambler's lease	1889	1889.0	Boston and New York;Houghton	Torrey, Bradford | A Rambler's lease		36173	0.903614621	0.594921742		White Mountains (N.H. and Me.)|White Mountains|Description and travel|Juvenile and popular literature|Birds		2.0	bio		m			wenyi	gutenbiotrimmed	Trimmed	True	0.02773666666666667	0.018793333333333332
loc.ark+=13960=t6b27z54n	Gay, Sydney Howard,		James Madison	1889		Boston;New York;Houghton, Mi	Gay, Sydney Howard | James Madison	<blank>	28992							bio		u			morgan	gutenbiotrimmed	Trimmed	True	0.07084666666666667	0.02655
uc1.31175014904273	Psalmanazar, George	1679-1763	Memoirs of ****, Commonly Known by the Name of George Psalmanazar	1764	1764.0	London: executrix			PsalGMPbio							bio|c18		m						True	0.014618	0.16599600000000003
uc1.$b275121	Smeaton, William Henry Oliphant	1856-1914.	Allan Ramsay	1896	1896.0	New York;Scribner;1896	Smeaton, William Henry Oliphant | Allan Ramsay		32642	0.917182875	0.024215292		Ramsay, Allan|1685?-1758|18th century|Ramsey, Allan|1686-1758|Poets, Scottish|Biography		2.0	bio		m			wenyi	gutenbiotrimmed	Trimmed	True	0.017886666666666665	0.007843333333333332
mdp.39015019800443	London, Jack	1876-1916	The Cruise of the Snark	1923	1911.0				2512							bio|c19		m						True	0.05948333333333333	0.01396
uc1.b4578709	Moses, Belle.		Lewis Carroll in wonderland and at home	1910		New York;D. Appleton;1910.	Moses, Belle | Lewis Carroll in Wonderland and at Home	<blank>	35418							bio		f			morgan	gutenbiotrimmed	Trimmed	True	0.03734	0.010275999999999999
mdp.39015061869783	Tappan, Eva March	1854-1930.	In the days of Queen Victoria	1903	1903.0	Boston;Lothrop, Lee & Shepar	Tappan, Eva March | In the Days of Queen Victoria		35576	0.946645488	0.953814559	Novel|Juvenile audience	1819-1901|Queen of Great Britain|Victoria		1.0	bio		f			wenyi	gutenbiotrimmed	Trimmed	True	0.009623999999999997	0.011086
mdp.39015005892362	Cruttwell, Maud.		Luca Signorelli	1899		London;G. Bell & sons;1899.	Cruttwell, Maud | Luca Signorelli	<blank>	27759							bio		f			morgan	gutenbiotrimmed	Trimmed	True	0.19760333333333335	0.007966666666666667
uva.x000982309	Hawthorne, Nathaniel	1804-1864	True Stories of History and Biography	1851	1851.0	Boston: Ticknor, Reed, and Fields			15697							bio|c19		m						True	0.043399999999999994	0.011396
nyp.33433082396866	Keller, Elizabeth Leavitt	-1839	Walt Whitman in Mickle Street	1921	1921.0	New York;M. Kennerley;1921.	Keller, Elizabeth Leavitt | Walt Whitman in Mickle Street		42281	0.905685049	0.027263592		1819-1892|Whitman, Walt		3.0	bio		m			peizhen	gutenbiotrimmed	Trimmed	True	0.04236	0.014256666666666667
nyp.33433009332259	Harrison, James		The life of the Right Honourable Horatio, lord viscount Nelson: baron Nelson of the Nile. Vol. 1.	1806	1806.0			1	16912							bio		m			ted	18cgutenbergtrimmed	Trimmed	True	0.03397571428571428	0.01616
njp.32101067407930	Reresby, John	1638-1689	The Memoirs of the Honourable Sir John Reresby, Bart	1734	1734.0				RereJMHbio							bio|c18		m						True	0.08783666666666667	0.024358333333333333
loc.ark+=13960=t08w40x2t	Miller, Florence Fenwick,		Harriet Martineau	1885		Boston;Roberts Brothers;1885	Miller, Florence Fenwick | Harriet Martineau	<blank>	36965							bio		f			morgan	gutenbiotrimmed	Trimmed	True	0.0496	0.016452
uc1.b3247650	Farrar, Geraldine.		Geraldine Farrar	1916		Boston-New York;Houghton, Mi	Farrar, Geraldine | Geraldine Farrar	<blank>	32835							bio		f			morgan	gutenbiotrimmed	Trimmed	True	0.07461000000000001	0.014775
loc.ark+=13960=t12n5c08j	Mixson, Frank M		Reminiscences of a private	1910	1910.0	Columbia, S.C.;The State com	Mixson, Frank M. | Reminiscences of a Private		41616	0.74134766	0.025285892		Personal narratives, Confederate|Army|United States|South Carolina Infantry Regiment, 1st|Confederate States of America|Civil War, 1861-1865|History|South Carolina infantry|1st regiment (Hagood's) 1861-1862		2.0	bio		m			wenyi	gutenbiotrimmed	Trimmed	True	0.025724999999999998	0.00828
loc.ark+=13960=t9s188v5q	Thwaites, Reuben Gold,		Daniel Boone	1903		New York;D. Appleton & Compa	Thwaites, Reuben Gold | Daniel Boone	<blank>	39927							bio		m			morgan	gutenbiotrimmed	Trimmed	True	0.2272075	0.02388
uc2.ark+=13960=fk87h1f544	Johnson, Willis Fletcher,		Colonel Henry Ludington	1907		New York;Printed by his gran	Johnson, Willis Fletcher | Colonel Henry Ludington	<blank>	58125							bio		m			wenyi	gutenbiotrimmed	Trimmed	True	0.08319399999999999	0.019718
uc2.ark+=13960=t43r0rx70	Allen, Grant		Charles Darwin	1885		New York;D. Appleton and Com	Allen, Grant | Charles Darwin	<blank>	34730							bio		m			morgan	gutenbiotrimmed	Trimmed	True	0.034275	0.0116825
njp.32101068140779	Brown, E. E.		Life of Oliver Wendell Holmes	1884		Boston;D. Lothrop and Compan	Brown, E. E. | Life of Oliver Wendell Holmes	<blank>	37878							bio		u			morgan	gutenbiotrimmed	Trimmed	True	0.0308775	0.014169999999999999
njp.32101079814040	Cumberland, Richard	1732-1811	Anecdotes of Eminent Painters in Spain, vol. 1	1782	1782.0	London: J Walter			CumbRAEbio							bio|c18		m						True	0.040725	0.06348
njp.32101066163518	Morris, Clara,		Life on the stage	1901		New York;McClure, Phillips;1	Morris, Clara | Life on the Stage	<blank>	33537							bio		f			morgan	gutenbiotrimmed	Trimmed	True	0.022356666666666667	0.009631111111111111
nnc1.0035536543	Oldys, William	1696-1761	The Life of Dr. George Abbot, Lord Archbishop	1777	1777.0	Guildford: J. Russell			OldyWLDbio							bio|c18		m						True	0.0471975	0.0324475
mdp.69015000002903	Gronniosaw, James Albert		A narrative of the most remarkable particulars in the life of James Albert Ukawsaw Gronniosaw, an African prince, as related by himself	1772	1785.0				15042							bio		m			ted	18cgutenbergtrimmed	Trimmed	True	0.04057	0.1336
uiuo.ark+=13960=t10p0zd5b	Perryman, F. M		Pioneer life in Illinois	1907	1907.0	Pana, Ill.;Kerr's Printing H	Perryman, F. M. | Pioneer Life in Illinois		48637	0.314759887	0.684344501		Illinois|Shelby County (Ill.)|Social life and customs|Frontier and pioneer life		1.0	bio		m			morgan	gutenbiotrimmed	Trimmed	True	0.02748	0.00759
njp.32101076477684	Barine, Arvède,		Bernardin de St. Pierre	1893		London;T. Fisher Unwin;1893.	Barine, Arvède | Bernardin de St. Pierre	<blank>	58723							bio		u			morgan	gutenbiotrimmed	Trimmed	True	0.06166	0.0087475
uc1.b3983967	O'Neil, Owen Rowe		Adventures in Swaziland;	1921	1921.0	New York;Century Co.;1921.	O'Neil, Owen Rowe | Adventures in Swaziland		38447	0.473317961	0.621720002				4.0	bio		m			wenyi	gutenbiotrimmed	Trimmed	True	0.008954285714285715	0.00825857142857143
mdp.39015013747905	Bond, William	d. 1735	The History of the Life and Adventures of Mr Duncan Campbell	1720	1720.0	London, Printed for E. Curll, and sold by W. Mears			BondWHLbio							bio|c18		m						True	0.07404833333333333	0.037770000000000005
mdp.39015031233326	Blind, Mathilde,		George Eliot	1883		Boston;Roberts brothers;1883	Blind, Mathilde | George Eliot	<blank>	36847							bio		f			morgan	gutenbiotrimmed	Trimmed	True	0.03855	0.020701999999999998
wu.89091873059	Marshall, Julian, Mrs		The Life and Letters of Mary Wollstonecraft Shelley, vol 1	1889	1889.0				37955							bio|c19		f						True	0.06871875	0.008977500000000001
uc2.ark+=13960=t8df6pw88	Burney, Frances	1752-1840.	Fanny Burney and her friends	1890	1890.0	New York;Scribner and Welfor	Burney, Fanny | Fanny Burney and her Friends		57472	0.363312856	0.32926004		Burney, Fanny|Social conditions|19th century|1752-1840|18th century		2.0	bio		m			morgan	gutenbiotrimmed	Trimmed	True	0.03685625	0.01570125
loc.ark+=13960=t5x64c55b	Kennard, Nina H.,		Lafcadio Hearn	1912		New York;D. Appleton and com	Kennard, Nina H. | Lafcadio Hearn	<blank>	33345							bio		f			morgan	gutenbiotrimmed	Trimmed	True	0.07346749999999999	0.0167325
nyp.33433009332267	Harrison, James		The life of the Right Honourable Horatio, lord viscount Nelson: baron Nelson of the Nile. Vol. 1.	1806	1806.0			2	16913							bio		m			ted	18cgutenbergtrimmed	Trimmed	True	0.012773333333333334	0.017
wu.89075700179	Smiles, Samuel,		Life of a Scotch naturalist	1877		London;J. Murray;1877.	Smiles, Samuel | Life of a Scotch Naturalist	<blank>	49154							bio		m			morgan	gutenbiotrimmed	Trimmed	True	0.12076333333333333	0.010067777777777778
loc.ark+=13960=t0sq92228	Abbott, Henry	-1850	Lost Pond	1915	1915.0	New York;1915.	Abbott, Henry | Lost Pond		34669	0.81619061	0.028866587		Description and travel|Adirondack Mountains (N.Y.)		1.0	bio		m		very short	ted	gutenbiotrimmed	Trimmed	True	0.01483	0.01544
uc2.ark+=13960=t1ng4j98t	Graham, Isabella	1742-1814	The Power of Faith Exemplified in the Life and Writings of the Late Mrs Isabella Graham, of New York.	1814	1819.0				16276							bio		f			ted	18cgutenbergtrimmed	Trimmed	True	0.2351275	0.01641375
uc1.31970006034596	Rousseau, Jean-Jaques		The Confessions, vol 1 of 2 (truncate gutenberg)	1782	1903.0	Aldus edition			3913							bio|c19		m						True	0.03536299999999999	0.014515
loc.ark+=13960=t5p851b8s	Reid, Stuart J.		Lord John Russell	1895		New York;Harper & brothers;1	Reid, Stuart J. | Lord John Russell	<blank>	27553							bio		u			morgan	gutenbiotrimmed	Trimmed	True	0.09065	0.011636666666666665
mdp.39015063991296	Yeats-Brown, Francis,		Caught by the Turks	1920		New York;The Macmillian comp	Yeats-Brown, Francis | Caught by the Turks	<blank>	37343							bio		m			morgan	gutenbiotrimmed	Trimmed	True	0.04117	0.013062500000000001
njp.32101079814032	Cumberland, Richard	1732-1811	Anecdotes of Eminent Painters in Spain, vol. 2	1782	1782.0	London: J Walter			CumbRAE2bio							bio|c18		m						True	0.02407	0.07123499999999999
wu.89094739331	Duffy, Bella		Madame de Staël	1887	1887.0	Boston;Roberts brothers;1887	Duffy, Bella | Madame de Staël		56605	0.841510685	0.002480097		1766-1817|Madame de|(Anne-Louise-Germaine)|Sta????l|Staël		1.0	bio		f			ted	gutenbiotrimmed	Trimmed	True	0.133785	0.021325
aeu.ark+=13960=t2891rv51	Kippis, Andrew	1725-1795	A Narrative of the Voyages around the World Performed by Captain James Cook	1788	1822.0				7777							bio		m			ted	18cgutenbergtrimmed	Trimmed	True	0.03832833333333333	0.03130416666666667
mdp.39015066051429	MacLane, Mary	1881-1929.	The story of Mary MacLane	1902	1902.0	Chicago;Herbert S. Stone and	MacLane, Mary | The Story of Mary MacLane		43696	0.857964375	0.025101956				2.0	bio		f			peizhen	gutenbiotrimmed	Trimmed	True	0.008483333333333334	0.013693333333333333
uc2.ark+=13960=t8kd1td22	Ruxton, George Frederick Augustus	1820-1848.	Life in the Far West	1848	1851.0	Glorieta, N.M.|Rio Grande Pr	Ruxton, George Frederick Augustus | Life in the Far West		55093	0.806051667	0.010574389		To 1848|History		1.0	bio		m			wenyi	gutenbiotrimmed	Trimmed	True	0.013026666666666667	0.009961666666666667
hvd.hn32p1	Hayley, William		The Life of Milton, in Three Parts	1796	1796.0	London: T Cadell			HaylWLMbio							bio|c18		m						True	0.19503714285714288	0.04578714285714286
mdp.39015073728993	Bell, Henry Glassford,		Life of Mary Queen of Scots	1831		Edinburgh, Printed for Constable	Bell, Henry Glassford | Life of Mary Queen of Scots, Volume II (of 2)	v. 2	37059							bio		m			morgan	gutenbiotrimmed	Trimmed	True	0.18593142857142858	0.010785714285714286
nyp.33433082365044	Whiting, Lilian,		Louise Chandler Moulton	1910		Boston;Little, Brown, and co	Whiting, Lilian | Louise Chandler Moulton	<blank>	42147							bio		f		a lot of poetry	morgan	gutenbiotrimmed	Trimmed	True	0.025125	0.012027500000000002
mdp.39015014138518	Hawkins, John	1719-1789	The Life of Samuel Johnson, LLD	1787	1787.0	London: J Buckland			HawkJLSbio							bio|c18		m						True	0.0591923076923077	0.03666923076923077
wu.89100034107	Levinger, Lee J.		A Jewish chaplain in France	1921		New York;The Macmillan compa	Levinger, Lee J. | A Jewish Chaplain in France	<blank>	34440							bio		m			morgan	gutenbiotrimmed	Trimmed	True	0.011868	0.014211999999999999
loc.ark+=13960=t72v30m24	Stowe, Harriet Beecher		Lady Byron vindicated	1870		Boston;Fields, Osgood, & co.	Stowe, Harriet Beecher | Lady Byron Vindicated	<blank>	44791							bio		f		unusual form: quotes from attacks on her	morgan	gutenbiotrimmed	Trimmed	True	0.017540000000000004	0.015807500000000002
uc2.ark+=13960=t59c6w28j	Beerbohm, Julius	1854-1906.	Wanderings in Patagonia;	1881	1881.0	London;Chatto and Windus;188	Beerbohm, Julius | Wanderings in Patagonia		43552	0.812762872	0.010777647		Patagonia (Argentina and Chile)|Description and travel		2.0	bio		m			ted	gutenbiotrimmed	Trimmed	True	0.200872	0.010266
mdp.39015051108531	Bettany, George Thomas,		Life of Charles Darwin	1887		London;W. Scott;1887.	Bettany, George Thomas | Life of Charles Darwin	<blank>	28380							bio		m			morgan	gutenbiotrimmed	Trimmed	True	0.24716	0.011832500000000001
uc1.b3420990	Daniels, Mabel W.		An American girl in Munich	1905		Boston;Little, Brown;1905.	Daniels, Mabel W. | An American Girl in Munich	<blank>	46102							bio		f			morgan	gutenbiotrimmed	Trimmed	True	0.03343666666666666	0.015766666666666665
hvd.rsmb83	Breckinridge, John	1797-1841	A Memorial of Mrs Margaret Breckinridge	1839	1839.0				45317							bio|c19		m						True	0.0414	0.014233333333333334
uc2.ark+=13960=t6c24r785	Rhodes, Eugene Manlove	1869-1934.	Bransford of Rainbow Range	1920	1920.0	New York;Grosset & Dunlap;19	Rhodes, Eugene Manlove | Bransford of Rainbow Range		33498	0.110128146	0.040199327				1.0	fic		m			wenyi	gutenfictiontrimmed	Trimmed	False	0.05564	0.0108825
mdp.39015030705183	Meredith, George	1828-1909.	The ordeal of Richard Feverel : a history of a father and son	1888	1888.0	Boston;Roberts brothers;1888	Meredith, George | The Ordeal of Richard Feverel		34858	0.040563425	0.025758343	Bibliographies		New ed.	1.0	fic		m			wenyi			False	0.07677846153846155	0.009023076923076924
mdp.39015063941465	McCutcheon, George Barr	1866-1928.	The Sherrods	1903	1903.0	New York;Grosset & Dunlap;c1	McCutcheon, George Barr | The Sherrods		35335	0.151564293	0.020479957				1.0	fic		m			wenyi	gutenfictiontrimmed	Trimmed	False	0.007234	0.00804
nyp.33433074864178	Hays, Mary	1759 or 60-1843.	Memoirs of Emma Courtney	1802	1802.0	New York;Printed for Hugh M.	Hays, Mary | Memoirs of Emma Courtney		41256	0.0	0.0				1.0	fic		f			peizhen			False	0.041409999999999995	0.17494799999999996
nnc1.0112365246	Holley, Marietta	1836-1926.	My opinions and Betsey Bobbet's	1875	1875.0	Hartford, Conn.;American Pub	Holley, Marietta | My Opinions and Betsey Bobbet's		55594	0.370061663	0.091586174				1.0	fic		f			peizhen			False	0.07828750000000001	0.010631249999999998
coo.31924021685759	Scott, Leroy	1875-1929.	Counsel for the defense	1912	1912.0	New York;A. L. Burt;c1912	Scott, Leroy | Counsel for the Defense		28820	0.030469879	0.088644023				1.0	fic		m			wenyi	gutenfictiontrimmed	Trimmed	False	0.035958333333333335	0.008356666666666667
uc1.$b248476	Burton, Frederick Russell		The mission of Poubalov	1897	1897.0	New York;Street & Smith;c189	Burton, Frederick Russell | The Mission of Poubalov		46774	0.094675601	0.1079072				2.0	fic		m			ted			False	0.010974000000000001	0.013718
uiug.30112042033529	Sheridan, Frances C.	1724-1766	The History of Nourjahad	1767	1792.0				SherFHNfic							fic|c18		f						False	0.061689999999999995	0.21127
njp.32101067630754	Brown, Charles Brockden		Edgar Huntly, or, Memoirs of a Sleepwalker	1799	1827.0				8223							fic		m	n		ted	18cgutenbergtrimmed	Trimmed	False	0.008077142857142856	0.014685714285714286
nyp.33433074863105	Hewlett, Maurice Henry	1861-1923.	Love and Lucy	1916	1916.0	New York;Dodd, Mead and comp	Hewlett, Maurice Henry | Love and Lucy		29868	0.033187535	0.015930194				3.0	fic | romance		m			peizhen	gutenfictiontrimmed	Trimmed	False	0.0087475	0.00858
uva.x004152854	Carroll, Lewis	1832-1898.	Alice's adventures in Wonderland	1896	1896.0	Philadelphia;H. Altemus;c189	Carroll, Lewis | Alice's Adventures in Wonderland		28885	0.217040607	0.984581825	Juvenile audience			1.0	fic	juv	m			ted			False	0.11169	0.007535
uc1.b4105458	Morrison, Arthur	1863-1945.	A child of the Jago	1896	1896.0	Chicago;H. S. Stone;1896.	Morrison, Arthur | A Child of the Jago		36958	0.461919253	0.250847017	Bibliographies	Slums|London|England|Boys|Social life and customs|19th century		2.0	fic	juv	m			wenyi			False	0.010977500000000001	0.01221
inu.30000115426474	Fielding, Henry	1707-1754	The history of the adventures of Joseph Andrews, and his friend Mr. Abraham Adams	1742	1743.0			1	9611							fic		m	n	two volumes	m	18cgutenbergtrimmed	Trimmed	False	0.20299399999999998	0.154108
uc2.ark+=13960=t50g3k86n	Harland, Henry	1861-1905.	My Uncle Florimond	1888	1888.0	Boston;D. Lothrop;c1888.	Harland, Henry | My Uncle Florimond		50698	0.117510988	0.249800316				1.0	fic | historical		m			peizhen	gutenfictiontrimmed	Trimmed	False	0.06437999999999999	0.008900000000000002
osu.32435002999571	Kennedy, John Pendleton	1795-1870.	Horse-shoe Robinson	1835	1835.0	London;Bentley;1835.	Kennedy, John Pendleton | Horse-Shoe Robinson	vol.1	33478	0.161252539	0.020985954	Bibliographies	Revolution, 1775-1783|History		1.0	fic | historical		m			peizhen	gutenfictiontrimmed	Trimmed	False	0.02272	0.010314615384615386
dul1.ark+=13960=t6d22ng55	Smollett, Tobias	1721-1771	The History and Adventures of an Atom, vol. 2	1769	1769.0	London: Robinson			SmolTHA2fic							fic|c18		m						False	0.050355	0.17323
uc2.ark+=13960=t3707x24f	Garland, Hamlin	1860-1940.	Rose of Dutcher's Coolly	1895	1895.0	Chicago;Stone & Kimball;1895	Garland, Hamlin | Rose of Dutcher's Coolly		35805	0.042509493	0.029854673	Domestic fiction|Bibliographies|Bildungsromans	Rural families|Widowers|Farm life|Young women|Women poets|Fathers and daughters		1.0	fic		m			peizhen			False	0.0027916666666666667	0.008614999999999998
njp.32101068141702	Lever, Charles James	1806-1872.	Jack Hinton	1872	1872.0	London;Chapman & Hall;1872.	Lever, Charles James | Jack Hinton		33082	0.117923023	0.011095875			New ed.	1.0	fic		m			peizhen			False	0.009719285714285713	0.008187142857142858
nyp.33433074902234	Molesworth, Mrs	1842-1921.	Hathercourt	1878	1878.0	New York;H. Holt & Co.;1878.	Molesworth, Mrs. | Hathercourt		43168	0.016398216	0.081030673		English fiction		1.0	fic	juv	f			wenyi			False	0.012813333333333333	0.010291111111111112
nyp.33433084128879	Bates, Arlo	1850-1918.	Albrecht	1890	1890.0	Boston;Roberts;c1890	Bates, Arlo | Albrecht		41764	0.0	0.0				2.0	fic		m			ted	gutenfictiontrimmed	Trimmed	False	0.06061999999999999	0.00817
nyp.33433074895347	Manning, Anne	1807-1879.	The household of Sir Thomas More	1852	1852.0	New York;C. Scribner;1852.	Manning, Anne | The Household of Sir Thomas More		45187	0.097518303	0.188370622		Sir, Saint|1478-1535|Roper, Margaret|Saint|1505-1544|More, Thomas		1.0	fic		f			peizhen			False	0.1474	0.018803333333333335
inu.32000002547547	Sharp, Evelyn	1869-1955.	Rebel women	1910	1910.0	London|United Suffragists|n.	Sharp, Evelyn | Rebel women		42136	0.353694625	0.009152689		Women	"New ed.,|with introd by Elizabeth Robins.|The women at the gate.--To prison while the sun shines.--Shaking hands with the middle ages.--Filling the war chest.--The conversion of Penelope's mother.--At a street corner.--The crank of all the ages.--Patrolling the gutter.--The black spot of the constituency.--""Votes for women--forward!""--The person who cannot escape.--The daughter who stays at home.--The game that wasn't cricket.--Dissension in the home."	1.0	fic		f			wenyi	gutenfictiontrimmed	Trimmed	False	0.014835000000000001	0.014794999999999999
uc2.ark+=13960=t0ks6kp3q	Kelly, Florence Finch	1858-1939.	The fate of Felix Brand	1913	1913.0	Philadelphia;The John C. Win	Kelly, Florence Finch | The Fate of Felix Brand		30733	0.063694316	0.117287839				1.0	fic		f			peizhen	gutenfictiontrimmed	Trimmed	False	0.006536	0.008128
inu.30000115426458	Fielding, Henry	1707-1754	The history of the adventures of Joseph Andrews, and his friend Mr. Abraham Adams	1742	1743.0			2	9609							fic		m	n	two volumes	ted	18cgutenbergtrimmed	Trimmed	False	0.028328000000000002	0.150914
uiuo.ark+=13960=t7xk8zr2d	Sinclair, Catherine	1800-1864.	Modern flirtations	1841	1841.0	Edinburgh;W. Whyte and Co.;1	Sinclair, Catherine | Modern Flirtations	v.2	43358	0.028076791	0.082017776		Scottish authors|English fiction		3.0	fic | romance		f			wenyi			False	0.012394	0.023403999999999998
njp.32101068169471	Galt, John	1779-1839.	Ringan Gilhaize	1899	1823.0	Glasgow, Dunn [1823?]	Galt, John | Ringhan Gilhaize; or, The covenanters.		30749	0.40254643	0.164182967				1.0	fic | historical		m			peizhen	gutenfictiontrimmed	Trimmed	False	0.027446000000000005	0.013850000000000001
njp.32101063581829	King, Charles	1844-1933.	A trooper Galahad	1899	1899.0	Philadelphia;J.B. Lippincott	King, Charles | A Trooper Galahad		37688	0.076586777	0.001533846				3.0	fic | historical		m			peizhen			False	0.0557575	0.0112775
uc2.ark+=13960=t7pn8z40w	Parkman, Francis	1823-1893.	Vassall Morton	1856	1856.0	Boston;Phillips, Sampson;185	Parkman, Francis | Vassall Morton		39768	0.10748653	0.017781037				3.0	fic		m			wenyi			False	0.026577142857142858	0.007844285714285715
uc2.ark+=13960=t7wm15j6h	Gibbs, George	1870-1942.	The love of Monsieur	1903	1903.0	New York;Grosset & Dunlap;c1	Gibbs, George | The Love of Monsieur		51468	0.017835046	0.002150868				1.0	fic | romance		m			peizhen	gutenfictiontrimmed	Trimmed	False	0.03295	0.011635000000000001
coo1.ark+=13960=t2t447q6w	Boldrewood, Rolf	1826-1915.	Nevermore	1892	1892.0	London and New York, Macmillan and co., 1892.	Boldrewood, Rolf | Nevermore		34240	0.134306326	0.000998272				2.0	fic		m			ted			False	0.09818	0.009523
dul1.ark+=13960=t9184177s	Smollett, Tobias	1721-1771	The History and Adventures of an Atom, vol. 1	1769	1769.0	London: Robinson			SmolTHAfic							fic|c18		m						False	0.055073333333333335	0.17340999999999998
mdp.39076002576069	Lester, Pauline		Marjorie Dean Macy	1926	1926.0	New York|A.L. Burt|c1926.	Lester, Pauline | Marjorie Dean Macy		53637	0.241473543	0.976658872	Juvenile audience	Conduct of life|Weddings|College stories|Young women|College students|Man-woman relationships|Juvenile fiction|Friendship|Dormitories		1.0	fic	juv	f			peizhen	gutenfictiontrimmed	Trimmed	False	0.030525	0.0241375
mdp.39015063516184	Catherwood, Mary Hartwell	1847-1902.	The romance of Dollard	1889	1889.0	New York;The Century co.;188	Catherwood, Mary Hartwell | The Romance of Dollard		50418	0.298529539	0.066789442	History	Canada|History|1635-1660|Dollard des Ormeaux, Adam|History		2.0	fic | historical		f			ted			False	0.043522500000000006	0.010762500000000001
mdp.39015059395734	Bates, Arlo	1850-1918.	Patty's perversities	1881	1881.0	Boston;J. R. Osgood;1881.	Bates, Arlo | Patty's Perversities		48396	0.078477946	0.03068455				2.0	fic		m			ted	gutenfictiontrimmed	Trimmed	False	0.05264599999999999	0.008854
wu.89008505000	Gautier, Th¨¦ophile	1811-1872.	The Romance of a Mummy and Egypt	1872	1903.0	New York;The Jenson society.	Gautier, Theophile | The Works of Theophile Gautier, Volume 5		27724	0.21984002	0.036874839				1.0	fic | historical		m	y		peizhen			False	0.045978	0.01244
uc2.ark+=13960=t8df6m76z	Ogden, Antoinette		Christmas stories from French and Spanish writers	1892	1892.0	Chicago;A. C. McClurg and co	Ogden, Antoinette | Christmas Stories from French and Spanish writers		47333	0.148249278	0.01798843		Christmas stories		1.0	fic | folklore | short		f			wenyi			False	0.007794999999999999	0.0127475
uc2.ark+=13960=t0vq2sk6k	Auerbach, Berthold	1812-1882.	Landolin	1878	1878.0	New York;H. Holt and company	Auerbach, Berthold | Landolin		33008	0.0	0.0				2.0	fic		m			ted			False	0.013215	0.0103725
nyp.33433074942701|nyp.33433074942719	Cooper, James Fenimore	1789-1851	The Pathfinder; or, the Inland Sea	1840	1840.0				1880							fic|historical		m	y	two volumes	ted	18cgutenbergtrimmed	Trimmed	False	0.03552230769230769	0.011078461538461539
mdp.39015078562108|mdp.39015078562298	Paltock, Robert	1697-1767	The life and adventures of Peter Wilkins	1751	1751.0				51967							fic		m	y	two volumes	m	18cgutenbergtrimmed	Trimmed	False	0.040598	0.131034
nyp.33433074940309	Black, William	1841-1898.	A princess of Thule	1873	1873.0	New York;Harper;1873.	Black, William | A Princess of Thule		49786	0.033153767	0.112603195		Scottish authors|English fiction		1.0	fic		m			ted			False	0.013154615384615383	0.008925384615384615
uc2.ark+=13960=t9z03158m	Brooks, Amy		Dorothy Dainty at the mountains	1911	1911.0	Boston;Lothrop, Lee & Shepar	Brooks, Amy | Dorothy Dainty at the Mountains		30088	0.038187277	0.996850361				1.0	fic	juv	f			ted	gutenfictiontrimmed	Trimmed	False	0.07078	0.009275
uc2.ark+=13960=t7pn8z31x	Hawthorne, Nathaniel	1804-1864.	Little masterpieces	1864	1897.0	New York;Doubleday & McClure	Hawthorne, Nathaniel | Little Masterpieces		39716	0.318636863	0.011008272				1.0	fic | short		m			peizhen			False	0.02585	0.015333333333333332
uc2.ark+=13960=t6639mx28	Dix, Beulah Marie	1876-1970.	Hugh Gwyeth;	1899	1899.0	New York;The Macmillan Compa	Dix, Beulah Marie | Hugh Gwyeth		52962	0.057701511	0.12717486		Great Britain|History|Civil War, 1642-1649		1.0	fic | historical	juv	f			morgan	gutenfictiontrimmed	Trimmed	False	0.015247142857142858	0.0077371428571428565
uc2.ark+=13960=t78s4tc10	Kavanagh, Julia	1824-1877.	Rachel Gray	1856	1856.0	New York;Appleton;1856.	Kavanagh, Julia | Rachel Gray		36160	0.0	0.0				2.0	fic		f			peizhen			False	0.074475	0.0260675
uc2.ark+=13960=t0pr7mw0b	Lewis, Alfred Henry	1857-1914.	The Apaches of New York	1912	1912.0	Chicago;M. A. Donohue & Co.;	Lewis, Alfred Henry | The Apaches of New York		51909	0.123455518	0.14729585				1.0	fic | mystery		m			peizhen	gutenfictiontrimmed	Trimmed	False	0.007635	0.009275
dul1.ark+=13960=t9572983r	Ingoldsby, Thomas	1788-1845.	The Ingoldsby legends	1845	1848.0	New York;Scribner and Welfor	Ingoldsby, Thomas | The Ingoldsby Legends		59236	0.503664054	0.030338168				1.0	fic | short		m			peizhen	gutenfictiontrimmed	Trimmed	False	0.04633461538461539	0.01018153846153846
uc2.ark+=13960=t5m904841	Stredder, Eleanor		Alive in the jungle	1892	1892.0	London;New York;T. Nelson;18	Stredder, Eleanor | Alive in the Jungle		43595	0.06108237	0.960810936				1.0	fic	juv	f			wenyi			False	0.008136666666666667	0.007956666666666666
mdp.39015030753944	Jewett, Sarah Orne	1849-1909.	Strangers and wayfarers	1890	1890.0	Boston;New York;Houghton, Mi	Jewett, Sarah Orne | Strangers and Wayfarers		31857	0.160980072	0.035983445		Social life and customs|Social life and customs|19th century	A winter courtship.--The mistress of Sydenham plantation.--The town poor.--The quest of Mr. Teaby.--The luck of the Bogans.--Fair day.--Going to Shrewsbury.--The taking of Captain Ball.--By the morning boat.--In dark New England days.--The white rose road.	3.0	fic | short		f			peizhen			False	0.012865	0.00953
inu.30000115371209	Burney, Frances	1752-1840	Cecilia, or Memoirs of an Heiress, vol. 1	1782	1782.0	London: T payne			BurnFCOfic							fic|c18		f						False	0.026820000000000004	0.1702725
umn.31951d015921323	Pu, Songling	1640-1715.	Strange stories from a Chinese studio	1740	1908.0	London;T. Werner Laurie;1916	Pu, Songling | Strange Stories from a Chinese Studio Vol. II (of 2)		43628	0.517125231	0.370130585	Bibliographies		3d. ed., rev.	1.0	fic | folklore | mystery | short		m			ted			False	0.15376250000000002	0.021587500000000003
hvd.hwspyj	Zschokke, Heinrich	1771-1848	The Bravo of Venice	1805	1805.0				2706							fic|historical		m	n		ted	18cgutenbergtrimmed	Trimmed	False	0.04626333333333333	0.022770000000000002
mdp.39015033444939	Rolland, Romain	1866-1944.	Pierre and Luce	1922	1922.0	New York;Henry Holt and comp	Rolland, Romain | Pierre and Luce		31542	0.056309643	0.100981926				2.0	fic | romance		m			wenyi	gutenfictiontrimmed	Trimmed	False	0.016375	0.009655
hvd.hn1ynr|hvd.hn1ynq	Smollett, Tobias	1721-1771	The expedition of Humphry Clinker	1771	1793.0				2160							fic		m	y	two volumes	m	18cgutenbergtrimmed	Trimmed	False	0.023126363636363636	0.15651363636363638
njp.32101072858358	Dickens, Charles	1812-1870.	Mugby Junction	1870	1898.0	London;Chapman and Hall;1898	Dickens, Charles | Mugby Junction		27924	0.468258198	0.173336996	Bibliographies	Railroad stations|London|England	Barbox Brothers ; Barbox Brothers & Co. ; Main line ; No. 1 Branch line / by C. Dickens -- No. 2 Branch line / by A. Halliday -- No. 3 Branch line / by C. Collins -- No. 4 Branch line / by H. Stretton -- No. 5 Branch line / by A.B. Edwards.	1.0	fic | short		m			morgan			False	0.006266666666666667	0.007933333333333334
uva.x000982662	Valera, Juan	1824-1905.	Pepita Ximenez	1891	1891.0	New York;Appleton;1891.	Valera, Juan | Pepita Ximenez		30236	0.365225918	0.000603949			New ed.	1.0	fic | romance		m			peizhen			False	0.128946	0.01879
nyp.33433082539945	Hawley, Mabel C		Four little Blossoms at Brookside Farm	1920	1920.0	New York;G. Sully & Co.;c192	Hawley, Mabel C. | Four Little Blossoms at Brookside Farm		29598	0.155219029	0.998889987	Juvenile audience			2.0	fic	juv	m			peizhen	gutenfictiontrimmed	Trimmed	False	0.013555	0.00958
uc1.$b441023	Trollope, Anthony	1815-1882.	Sir Harry Hotspur of Humblethwaite	1871	1871.0	Leipzig;B. Tauchnitz;1871.	Trollope, Anthony | Sir Harry Hotspur of Humblethwaite		27712	0.04051498	0.000478342	Bibliographies	Fathers and daughters|Inheritance and succession	Copyright ed.	2.0	fic | romance		m			peizhen	gutenfictiontrimmed	Trimmed	False	0.17615333333333336	0.014271666666666667
dul1.ark+=13960=t9x06zn4z	Aulnoy, Madame d' (Marie-Catherine), 1650 or 51-1705	1650-1705	The Prince of Carency;	1705	1719.0				AulnMHJfic							fic		f	n	same translator	ted			False	0.02529142857142857	0.15830142857142857
uiuo.ark+=13960=t0pr84q15|uiuo.ark+=13960=t74t6zh4r	Defoe, Daniel	1661-1731	Life of Colonel Jack.	1731	1810.0				52603							fic		m	y	two volumes	m	18cgutenbergtrimmed	Trimmed	False	0.031205555555555556	0.014411111111111112
nc01.ark+=13960=t23b6gc16	Douglas, Amanda Minnie	1831-1916.	Kathie's soldiers	1877	1877.0	Boston;Lee and Shepard;1877;	Douglas, Amanda Minnie | Kathie's Soldiers		40525	0.115029483	0.688278047				1.0	fic	juv	f			morgan			False	0.008764999999999998	0.023942500000000002
uc2.ark+=13960=t1jh3d93s	Crim, Matt		In Beaver Cove and elsewhere	1892	1892.0	New York;C. L. Webster & co.	Crim, Matt | In Beaver Cove and Elsewhere		54351	0.054401863	0.01318699				1.0	fic|short		unknown						False	0.0402	0.0101725
nc01.ark+=13960=t1cj8ws1k	Optic, Oliver	1822-1897.	Brave Old Salt;	1866	1866.0	Boston;Lee and Shepard;New Y	Optic, Oliver | Brave Old Salt		37907	0.092795791	0.715589825				1.0	fic		m			wenyi			False	0.028746000000000004	0.015816000000000004
nyp.33433034410336	Montgomery, Florence	1843-1923.	Misunderstood	1882	1882.0	London;Richard Bentley;1882.	Montgomery, Florence | Misunderstood		55222	0.410361566	0.44399801		English fiction	18th ed.	1.0	fic	juv	f			wenyi	gutenfictiontrimmed	Trimmed	False	0.014806666666666668	0.007713333333333333
uc2.ark+=13960=t25b09s9q	Lagerl?f, Selma		From a Swedish homestead	1901	1901.0	New York;Doubleday, Page;191	Lagerl?f, Selma | From a Swedish Homestead		44630	0.193558488	0.02793441		Br?chner, Jessie|Social life and customs|tr		1.0	fic | folklore | short		f			peizhen	gutenfictiontrimmed	Trimmed	False	0.0042049999999999995	0.00998
uc2.ark+=13960=t0qr4pz26	Graydon, William Murray	1864-1946.	In the days of Washington;	1896	1896.0	Philadelphia;The Penn publis	Graydon, William Murray | In the Days of Washington		41420	0.190065159	0.026022704		Revolution, 1775-1783|United States|American fiction|History		1.0	fic | historical		m			peizhen			False	0.0051825	0.009982499999999998
njp.32101076058054|njp.32101076058062|njp.32101076058070	Fielding, Henry	1707-1754	Amelia	1754	1793.0				6098							fic		m	y	three volumes	m	18cgutenbergtrimmed	Trimmed	False	0.020479333333333335	0.14777733333333334
nyp.33433074925987|nyp.33433074925995	Thomas, Amory	1691?-1788?	The life of John Buncle, esq.	1766	1766.0				amory.01							fic		m	y	two volumes	m			False	0.05654894736842107	0.14906105263157893
nyp.33433074948559	Lennox, Charlotte	1729-1804	The Female Quixote, vol. 2	1752	1752.0	London: A Millar			LennCFQ2fic							fic|c18		f						False	0.03385166666666666	0.051094999999999995
njp.32101036893236	Mackenzie, Henry	1745-1831	The Man of Feeling	1771	1780.0				5083							fic		m	n		ted	18cgutenbergtrimmed	Trimmed	False	0.028013333333333335	0.15302
uc2.ark+=13960=t5z60ck60	Potter, Margaret Horton	1881-1911.	Istar of Babylon	1902	1902.0	New York;and London;Harper &	Potter, Margaret Horton | Istar of Babylon		38710	0.208158695	0.093072301				1.0	fic | historical		f			wenyi	gutenfictiontrimmed	Trimmed	False	0.0094275	0.015611666666666664
mdp.39015066063184	Shelley, Mary Wollstonecraft	1797-1851.	Tales and stories	1851	1891.0	London;W. Paterson & Co.;189	Shelley, Mary Wollstonecraft | Tales and Stories		56665	0.073881678	0.046096947	Bibliographies	Science fiction		1.0	fic | short		f			wenyi	gutenfictiontrimmed	Trimmed	False	0.024758888888888886	0.007592222222222222
uc2.ark+=13960=t5gb26133	Lever, Charles James	1806-1872.	Barrington	1863	1863.0	London, Eng.;Chapman and Hal	Lever, Charles James | Barrington		34883	0.103272669	0.003267541				2.0	fic		m			peizhen			False	0.1556442857142857	0.02095
nyp.33433074902283	Molesworth, Mrs	1842-1921.	Philippa	1896	1896.0	Philadelphia;J.B. Lippincott	Molesworth, Mrs. | Philippa		43169	0.047849776	0.012301222	Juvenile audience	English fiction		1.0	fic	juv	f			wenyi	gutenfictiontrimmed	Trimmed	False	0.03539	0.008190000000000001
uc1.b3216573	Catherwood, Mary Hartwell	1847-1902.	The story of Tonty	1890	1890.0	Chicago;A. C. McClurg and co	Catherwood, Mary Hartwell | The Story of Tonty		41273	0.105504199	0.012822406		sieur de|La Salle, Robert Cavelier|d. 1704|1643-1687|Tonti, Henri de		1.0	fic | historical		f			ted			False	0.051045	0.01153
uc2.ark+=13960=t1gh9cr0d	Rathborne, St. George	1854-1938.	Miss Fairfax of Virginia;	1899	1899.0	New York;Street & Street;c18	Rathborne, St. George | Miss Fairfax of Virginia		52599	0.096505858	0.006118589				2.0	fic | romance		m			wenyi	gutenfictiontrimmed	Trimmed	False	0.0018850000000000002	0.010828333333333334
uc2.ark+=13960=t9474d36n	Stevenson, Robert Louis	1850-1894.	Kidnapped;	1886	1886.0	New York;Charles Scribner's	Stevenson, Robert Louis | Kidnapped		56562	0.053275113	0.264777378	Bibliographies|Historical fiction	Teenage boys|1700 - 1799|Adventure stories|18th century|(OCoLC)fst00797462|Disinheritance|History|Kidnapping victims|(OCoLC)fst01206715|Jacobites|History		1.0	fic | historical	juv	m			wenyi	gutenfictiontrimmed	Trimmed	False	0.07904666666666667	0.013901666666666668
uc1.$b85950	Bennett, Arnold	1867-1931.	Riceyman Steps	1923	1923.0	New York|G.H. Doran Co.|c192	Bennett, Arnold | Riceyman Steps		58666	0.052266533	0.011215581				2.0	fic		m			ted	gutenfictiontrimmed	Trimmed	False	0.009665714285714286	0.011558571428571428
mdp.39015056795308|mdp.39015056795316|mdp.39015056795324|mdp.39015056795332|mdp.39015056795340|mdp.39015056795191	Fielding, Henry	1707-1754	The history of Tom Jones: a foundling	1754	1749.0				6593							fic		m	y	six volumes	m	18cgutenbergtrimmed	Trimmed	False	0.0522075	0.16780178571428572
nyp.33433074955109	Radcliffe, Ann Ward	1764-1823	The Sicilian Romance, vol. 1	1790	1792.0	London: T Hookham			RadcASRfic							fic|c18		f						False	0.00647	0.04641
njp.32101019691409	Gaskell, Elizabeth Cleghorn	1810-1865.	Cranford	1853	1853.0	New York;Harper & brothers;1	Gaskell, Elizabeth Cleghorn | Cranford		57539	0.445360893	0.201011459	English fiction|Novel|Pastoral fiction|Bibliographies|Domestic fiction	English fiction|Social life and customs|Older women|Female friendship|Sisters|Villages		1.0	fic		f			peizhen	gutenfictiontrimmed	Trimmed	False	0.032948	0.016444000000000004
nyp.33433082547310	Gregor, Elmer Russell	-1878	Running Fox	1918	1918.0	New York;London;D. Appleton	Gregor, Elmer Russell | Running Fox		43864	8.51e-05	0.999289328	Juvenile audience	Indians of North America		1.0	fic	juv	m			peizhen	gutenfictiontrimmed	Trimmed	False	0.0062875	0.01391
dul1.ark+=13960=t7sn0xk3n|dul1.ark+=13960=t9d51cj57	Haywood, Eliza Fowler	1693?-1756	The history of Miss Betsy Thoughtless	1752	1752.0				46346							fic		f	y	two volumes	m	18cgutenbergtrimmed	Trimmed	False	0.03551833333333333	0.1684011111111111
njp.32101012099493	Ainsworth, William Harrison	1805-1882.	Guy Fawkes	1882	1900.0	Philadelphia;G. Barrie;1900?	Ainsworth, William Harrison | Guy Fawkes	v.19	37750	0.122106416	0.118600266		Fawkes, Guy|1570-1606|Gunpowder Plot, 1605	Library ed.|v. 1. Windsor Castle.--v. 2. Crichton.--v. 3. Jack Sheppard.--v. 4. The Constable of the Tower.--v. 5-6. The Tower of London.--v. 7. Boscobel. --v. 8. The Constable de Bourbon.--v. 9-10. Old Saint Paul's.--v. 11. Cardinal Pole.--v. 12. The Manchester rebels.--v. 13. The Lord Mayor of London.--v. 14. The goldsmith's wife.--v. 15. John Law.--v. 16. Talbot Harland.--v. 17. Saint James's.--v. 18. The star-chamber.--v. 19. Guy Fawkes.--v. 20. Rockwood.	1.0	fic | historical		m			ted			False	0.03538333333333333	0.010667500000000002
nyp.33433082365515	Defoe, Daniel	1661-1731	Memoirs of the Honourable Col. Andrew Newport, a Shropshire gentleman, who served as a cavalier	1731	1792.0				12259							fic | historical		m	n		m	18cgutenbergtrimmed	Trimmed	False	0.09344857142857144	0.13270285714285715
uc2.ark+=13960=t5k93292h	Finley, Martha	1828-1909.	Mildred Keith	1876	1876.0	New York: Dodd, Mead			42870							fic|c19		f						False	0.04523200000000001	0.019348
uc2.ark+=13960=t40s0065x	Alcock, Deborah	1835-1913.	The Spanish brothers	1888	1891.0	London ; New York;T. Nelson;	Alcock, Deborah | The Spanish Brothers		44262	0.064588784	0.179853718				1.0	fic | historical		f			ted	gutenfictiontrimmed	Trimmed	False	0.03187222222222222	0.01074
uc1.$b249254	Gunter, Archibald Clavering	1847-1907.	Miss Dividends	1892	1892.0	New York;Home Publishing Com	Gunter, Archibald Clavering | Miss Dividends		39824	0.246704001	0.031966565				2.0	fic		m			peizhen			False	0.004853333333333333	0.009771666666666666
uiuo.ark+=13960=t76t1d659|uiuo.ark+=13960=t9c54bg48|uiuo.ark+=13960=t4dn4vz8f	Marryat, Frederick	1792-1848	Peter Simple	1833	1834.0				21577							fic	juv	m	y	three volumes	ted	18cgutenbergtrimmed	Trimmed	False	0.12029071428571432	0.011395
uc2.ark+=13960=t2m61bw05	Habberton, John	1842-1921.	Trif and Trixy	1897	1897.0	Philadelphia;H. Altemus;1897	Habberton, John | Trif and Trixy		51788	0.014777231	0.081326641				1.0	fic		m			peizhen	gutenfictiontrimmed	Trimmed	False	0.072855	0.008715
inu.30000115370896	Haywood, Eliza Fowler	1693?-1756	Life's Progress Through the Passions; Or, The Adventures of Natura	1748	1748.0				15455							fic		f	n		m	18cgutenbergtrimmed	Trimmed	False	0.041494	0.15383999999999998
uc2.ark+=13960=t85h7j691	Sienkiewicz, Henryk	1846-1916.	Let us follow Him	1897	1897.0	Boston;Little, Brown and com	Sienkiewicz, Henryk | Let us follow Him		41988	0.244971107	0.000864523				3.0	fic | historical		m			wenyi			False	0.03025	0.01531
nc01.ark+=13960=t6d22qq35	Page, Thomas Nelson	1853-1922.	Red Rock;	1899	1899.0	New York;C. Scribner's sons;	Page, Thomas Nelson | Red Rock		49648	0.22473453	0.04530249		Reconstruction (U.S. history, 1865-1877)		2.0	fic | historical		m			wenyi	gutenfictiontrimmed	Trimmed	False	0.015563571428571428	0.019172142857142856
uc2.ark+=13960=t0qr4q764	Burnham, Clara Louise	1854-1927.	The Inner Flame	1912	1912.0	New York;Grosset & Dunlap;19	Burnham, Clara Louise | The Inner Flame		52240	0.049576413	0.158935648				1.0	fic		f			ted	gutenfictiontrimmed	Trimmed	False	0.01781857142857143	0.00886
uc2.ark+=13960=t8tb0zf3r	Stocking, Charles Francis	b. 1873.	Carmen Ariza	1918	1918.0	Chicago;The Maestro Co.;1918	Stocking, Charles Francis | Carmen Ariza		30312	0.078866456	0.005103782				1.0	fic		m			wenyi	gutenfictiontrimmed	Trimmed	False	0.004841874999999999	0.0116709375
uc2.ark+=13960=t4qj7df3t	Reid, Mayne	1818-1883.	The Vee-Boers	1870	1885.0	London;New York;G. Routledge	Reid, Mayne | The Vee-Boers		34667	0.416429719	0.273740249				1.0	fic		m			wenyi			False	0.02911666666666667	0.01446
dul1.ark+=13960=t2h713c5c	Griffith, George Chetwynd		Olga Romanoff	1897	1897.0	London;Simpkin, Marshall, Ha	Griffith, George Chetwynd | Olga Romanoff		54096	0.260586572	0.033994905		Utopias|Robinson, Ernest|Provenance		1.0	fic | sf		m			peizhen	gutenfictiontrimmed	Trimmed	False	0.015863	0.012281
uc2.ark+=13960=t6b27vv1x	Glyn, Elinor	1864-1943.	The career of Katherine Bush	1916	1916.0	New York;Grosset & Dunlap;c1	Glyn, Elinor | The Career of Katherine Bush		40893	0.072838538	0.027761014				1.0	fic | romance		f			peizhen	gutenfictiontrimmed	Trimmed	False	0.0031025000000000002	0.01574625
inu.30000011498684	Behn, Aphra	1640-1689.	The works of Aphra Behn	1689	1915.0	London;W. Heinemann;Stratfor	Behn, Aphra | The Works of Aphra Behn	v.5	29854	0.493240049	0.137225007				1.0	fic		f			ted			False	0.0056616666666666655	0.0098025
nyp.33433075746556	Sedgwick, Anne Douglas	1873-1935.	The confounding of Camelia	1899	1899.0	New York;C. Scribner's Sons;	Sedgwick, Anne Douglas | The Confounding of Camelia		41917	0.036887218	0.270344946				1.0	fic | romance		f			wenyi	gutenfictiontrimmed	Trimmed	False	0.0025399999999999997	0.01159
nyp.33433075777098	Ingemann, Bernhard Severin	1789-1862.	The childhood of King Erik Menved. An historical romance	1846	1846.0	Longon;Bruce and Wyld;1846.	Ingemann, Bernhard Severin | The Childhood of King Erik Menved		36626	0.0	0.0		Erik Menved, 1286-1319|Erik Glipping, 1259-1286|History		1.0	fic | historical		m			peizhen	gutenfictiontrimmed	Trimmed	False	0.03767866666666667	0.02089733333333333
